<?xml version="1.0" encoding="UTF-8"?>
<beans xmlns="http://www.springframework.org/schema/beans"
	xmlns:xsi="http://www.w3.org/2001/XMLSchema-instance"
	xmlns:context="http://www.springframework.org/schema/context"
	xmlns:mvc="http://www.springframework.org/schema/mvc"
	xsi:schemaLocation="  
        http://www.springframework.org/schema/beans  
        http://www.springframework.org/schema/beans/spring-beans.xsd  
        http://www.springframework.org/schema/context  
        http://www.springframework.org/schema/context/spring-context.xsd  
        http://www.springframework.org/schema/mvc  
        http://www.springframework.org/schema/mvc/spring-mvc.xsd">

	<context:component-scan
		base-package="com" />
	<mvc:annotation-driven />
	<bean id="connection"
		class="org.springframework.jdbc.datasource.DriverManagerDataSource">


		<property name="driverClassName"
			value="com.mysql.jdbc.Driver" />
		<property name="url"
			value="jdbc:mysql://localhost:3306/royal_spring" />
		<property name="username" value="root" />
		<property name="password" value="root" />
	</bean>
	<bean id="jdbcTemplate"
		class="org.springframework.jdbc.core.JdbcTemplate">

		<property name="dataSource" ref="connection"></property>
	</bean>
	<bean
		class="org.springframework.web.servlet.view.InternalResourceViewResolver"
		id="viewResolver">
		<property name="prefix" value="/WEB-INF/views/"></property>
		<property name="suffix" value=".jsp"></property>

	</bean>

</beans>